[
  {
    "act": "IT Act, 2000",
    "section": "Sec 43",
    "title": "Unauthorized access/damage to computer resources",
    "punishment": "Compensation to affected person (civil liability).",
    "keywords": [
      "unauthorized access", "virus", "damage", "download", "disruption",
      "malware", "apk", "trojan", "worm", "spyware",
      "ransomware", "delete files", "system crash", "corrupt data", "inject virus"
    ]
  },
  {
    "act": "IT Act, 2000",
    "section": "Sec 43A",
    "title": "Failure to protect sensitive personal data",
    "punishment": "Body corporate liable to pay compensation to affected persons.",
    "keywords": [
      "data protection", "sensitive data", "privacy", "security",
      "data breach", "leak", "customer data", "unauthorized disclosure",
      "database leak", "personal data theft", "corporate responsibility"
    ]
  },
  {
    "act": "IT Act, 2000",
    "section": "Sec 65",
    "title": "Tampering with computer source documents",
    "punishment": "Imprisonment up to 3 years, or fine up to ₹2 lakh, or both.",
    "keywords": [
      "source code", "tamper", "alteration", "modify code",
      "delete code", "software hack", "change program",
      "code manipulation", "backdoor injection"
    ]
  },
  {
    "act": "IT Act, 2000",
    "section": "Sec 66",
    "title": "Computer-related offences (hacking/unauthorized access)",
    "punishment": "Imprisonment up to 3 years, or fine up to ₹5 lakh, or both.",
    "keywords": [
      "hack", "hacking", "unauthorized", "breach",
      "cyber attack", "exploit", "intrusion", "illegal access",
      "compromise", "password crack", "brute force", "phishing link",
      "hacked account", "hacked mobile", "facebook hack", "email hack"
    ]
  },
  {
    "act": "IT Act, 2000",
    "section": "Sec 66C",
    "title": "Identity theft",
    "punishment": "Imprisonment up to 3 years and fine up to ₹1 lakh.",
    "keywords": [
      "identity theft", "password", "impersonation",
      "stolen identity", "fake login", "account hijack",
      "aadhaar misuse", "stolen credentials", "phishing identity"
    ]
  },
  {
    "act": "IT Act, 2000",
    "section": "Sec 66D",
    "title": "Cheating by impersonation using computer resources",
    "punishment": "Imprisonment up to 3 years and fine up to ₹1 lakh.",
    "keywords": [
      "cheating", "phishing", "fake login", "fraud",
      "fake website", "online scam", "impersonation online",
      "fraudulent call", "UPI fraud", "OTP scam"
    ]
  },
  {
    "act": "IT Act, 2000",
    "section": "Sec 66E",
    "title": "Violation of privacy (capturing/publishing private images)",
    "punishment": "Imprisonment up to 3 years, or fine up to ₹2 lakh, or both.",
    "keywords": [
      "privacy", "private image", "photo",
      "leaked pics", "non-consensual photo", "secret recording",
      "hidden camera", "spy cam", "private video leak"
    ]
  },
  {
    "act": "IT Act, 2000",
    "section": "Sec 66F",
    "title": "Cyber terrorism",
    "punishment": "Imprisonment which may extend to life.",
    "keywords": [
      "cyber terrorism", "infrastructure attack", "national security",
      "government system hack", "critical system breach",
      "terrorist cyber attack", "warfare", "sovereignty"
    ]
  },
  {
    "act": "IT Act, 2000",
    "section": "Sec 67",
    "title": "Publishing obscene material in electronic form",
    "punishment": "1st: 3 years jail + ₹5L fine; subsequent: 5 years jail + ₹10L fine.",
    "keywords": [
      "obscene", "pornography", "indecent",
      "adult pics", "leaked nudes", "sex video", "blue film",
      "share nudes", "send porn", "publish obscene", "distribute adult content"
    ]
  },
  {
    "act": "IT Act, 2000",
    "section": "Sec 67A",
    "title": "Publishing sexually explicit material",
    "punishment": "1st: 5 years jail + ₹10L fine; subsequent: 7 years jail + ₹10L fine.",
    "keywords": [
      "sexually explicit", "adult content", "porn video",
      "explicit video", "xxx", "sex chat", "nude sharing",
      "publish porn", "send sex clip"
    ]
  },
  {
    "act": "IT Act, 2000",
    "section": "Sec 67B",
    "title": "Child pornography",
    "punishment": "1st: 5 years jail + ₹10L fine; subsequent: 7 years jail + ₹10L fine.",
    "keywords": [
      "child porn", "CSAM", "minor", "underage sex",
      "illegal video", "child abuse content", "teen porn",
      "exploit children", "illegal images of minors"
    ]
  },
  {
    "act": "IT Act, 2000",
    "section": "Sec 69",
    "title": "Government power to intercept/monitor/decrypt",
    "punishment": "Non-compliance: imprisonment up to 7 years and fine.",
    "keywords": [
      "interception", "decrypt", "surveillance",
      "phone tap", "monitor communication", "government spying",
      "snooping", "eavesdropping"
    ]
  },
  {
    "act": "IT Act, 2000",
    "section": "Sec 70",
    "title": "Protected system access without permission",
    "punishment": "Imprisonment up to 10 years and fine.",
    "keywords": [
      "critical infrastructure", "protected system", "restricted access",
      "military system", "govt network", "nuclear facility",
      "unauthorized protected system", "confidential network"
    ]
  },
  {
    "act": "IT Act, 2000",
    "section": "Sec 70B",
    "title": "Indian Computer Emergency Response Team (CERT-In)",
    "punishment": "Mandatory compliance with CERT-In directions.",
    "keywords": [
      "CERT-In", "incident response", "cybersecurity",
      "government directions", "cyber audit", "CERT compliance"
    ]
  },
  {
    "act": "IT Act, 2000",
    "section": "Sec 72",
    "title": "Breach of confidentiality and privacy",
    "punishment": "Imprisonment up to 2 years, or fine up to ₹1 lakh, or both.",
    "keywords": [
      "confidentiality", "privacy", "data disclosure",
      "unauthorized sharing", "employee data leak",
      "privacy breach", "confidential info misuse"
    ]
  },
  {
    "act": "IT Act, 2000",
    "section": "Sec 73",
    "title": "Publishing false digital signature certificates",
    "punishment": "Imprisonment up to 2 years, or fine up to ₹1 lakh, or both.",
    "keywords": [
      "digital signature", "false certificate", "fake certificate",
      "fraudulent signature", "tampered signature", "signature misuse"
    ]
  },
  {
    "act": "IT Act, 2000",
    "section": "Sec 74",
    "title": "Publication for fraudulent purpose",
    "punishment": "Imprisonment up to 2 years and fine.",
    "keywords": [
      "fraudulent publication", "false certificate",
      "fake document", "misuse publication", "fraud doc sharing"
    ]
  },

  
  {
    "act": "IPC",
    "section": "Sec 354C",
    "title": "Voyeurism (capturing or sharing images of women without consent)",
    "punishment": "1st offence: 1-3 years jail + fine; repeat: 3-7 years jail + fine.",
    "keywords": [
      "voyeurism", "non-consensual image", "privacy",
      "hidden camera", "spycam", "upskirt", "bathroom photo",
      "secret recording", "leaked videos of women", "unauthorized recording"
    ]
  },
  {
    "act": "IPC",
    "section": "Sec 354D",
    "title": "Stalking including cyberstalking",
    "punishment": "1st: up to 3 years jail; subsequent: up to 5 years jail.",
    "keywords": [
      "stalking", "cyberstalking", "follow online",
      "harass on social media", "constant messaging",
      "online harassment", "obsessive following", "tracking online",
      "fake profiles to stalk"
    ]
  },
  {
    "act": "IPC",
    "section": "Sec 379",
    "title": "Theft of data or devices",
    "punishment": "Imprisonment up to 3 years, or fine, or both.",
    "keywords": [
      "theft", "data theft", "device theft",
      "steal phone", "steal laptop", "steal pen drive",
      "steal hard disk", "cyber theft", "copy files without permission"
    ]
  },
  {
    "act": "IPC",
    "section": "Sec 406",
    "title": "Criminal breach of trust",
    "punishment": "Imprisonment up to 3 years, or fine, or both.",
    "keywords": [
      "breach of trust", "misuse of property",
      "embezzlement", "fund misuse", "fraud with property",
      "trusted data misuse", "betrayal of trust"
    ]
  },
  {
    "act": "IPC",
    "section": "Sec 408",
    "title": "Criminal breach of trust by clerk or servant",
    "punishment": "Imprisonment up to 7 years and fine.",
    "keywords": [
      "employee fraud", "data misuse", "staff fraud",
      "company data theft", "worker misuse", "employee breach of trust"
    ]
  },
  {
    "act": "IPC",
    "section": "Sec 409",
    "title": "Criminal breach of trust by public servant or banker",
    "punishment": "Imprisonment up to life or 10 years and fine.",
    "keywords": [
      "bank fraud", "public servant fraud", "cyber fraud",
      "embezzlement banker", "govt official misuse",
      "bank employee fraud", "misuse of govt funds"
    ]
  },
  {
    "act": "IPC",
    "section": "Sec 420",
    "title": "Cheating and dishonestly inducing delivery of property",
    "punishment": "Imprisonment up to 7 years and fine.",
    "keywords": [
      "fraud", "cheating", "online scam", "UPI fraud",
      "fake payment", "dishonest delivery", "crypto scam",
      "ATM fraud", "online shopping fraud", "digital scam"
    ]
  },
  {
    "act": "IPC",
    "section": "Sec 463-471",
    "title": "Forgery (digital records, electronic signatures)",
    "punishment": "Varies: imprisonment up to 7 years and fine.",
    "keywords": [
      "forgery", "digital forgery", "fake document",
      "fake signature", "tamper document", "fake marksheet",
      "false certificate", "electronic forgery"
    ]
  },
  {
    "act": "IPC",
    "section": "Sec 500",
    "title": "Defamation (including online)",
    "punishment": "Simple imprisonment up to 2 years, or fine, or both.",
    "keywords": [
      "defamation", "online defamation", "insult",
      "fake news", "character assassination",
      "social media insult", "rumor spreading", "libel", "slander"
    ]
  },
  {
    "act": "IPC",
    "section": "Sec 509",
    "title": "Insulting modesty of a woman (online harassment)",
    "punishment": "Simple imprisonment up to 3 years and fine.",
    "keywords": [
      "online harassment", "insult", "abuse",
      "sexual comments", "offensive messages",
      "harass woman online", "obscene remark", "derogatory message"
    ]
  },


  
  {
    "act": "DPDP Act, 2023",
    "section": "Consent & Notice",
    "title": "Obligation to obtain valid consent with clear notice",
    "punishment": "Non-compliance: monetary penalties (may extend to crores).",
    "keywords": [
      "consent", "privacy", "notice",
      "no consent", "force data collection", "data without consent",
      "illegally collect data", "data misuse", "consent violation"
    ]
  },
  {
    "act": "DPDP Act, 2023",
    "section": "Security Safeguards",
    "title": "Implement reasonable safeguards to prevent data breaches",
    "punishment": "Heavy penalties for lapses.",
    "keywords": [
      "security", "breach", "encryption",
      "data breach", "hacked database", "data not encrypted",
      "weak security", "unauthorized access", "leak due to no safeguards"
    ]
  },
  {
    "act": "DPDP Act, 2023",
    "section": "Children’s Data",
    "title": "Special obligations for processing data of children",
    "punishment": "Strict penalties for violations.",
    "keywords": [
      "child data", "minor privacy", "children's privacy",
      "collecting kids data", "underage data collection",
      "no parental consent", "child protection violation"
    ]
  },
  {
    "act": "DPDP Act, 2023",
    "section": "Data Fiduciary Duties",
    "title": "Obligations on data fiduciaries to act responsibly",
    "punishment": "Monetary penalties as per law.",
    "keywords": [
      "data fiduciary", "obligation", "privacy",
      "mishandling data", "fiduciary violation",
      "responsibility breach", "data misuse by company"
    ]
  },
  {
    "act": "DPDP Act, 2023",
    "section": "Significant Data Fiduciaries",
    "title": "Higher compliance requirements for significant data fiduciaries",
    "punishment": "Heavy penalties for lapses.",
    "keywords": [
      "significant data fiduciary", "compliance", "DPDP",
      "large company data misuse", "big tech privacy violation",
      "strict compliance failure"
    ]
  },
  {
    "act": "Copyright Act, 1957",
    "section": "Sec 63",
    "title": "Infringement of copyright (digital piracy)",
    "punishment": "Imprisonment and fine; varies by case.",
    "keywords": [
      "piracy", "torrent", "illegal copy",
      "movie piracy", "song piracy", "download pirated software",
      "illegal streaming", "pirated games", "unauthorized reproduction"
    ]
  },
  {
    "act": "Copyright Act, 1957",
    "section": "Sec 65A",
    "title": "Protection of Technological Measures",
    "punishment": "Imprisonment up to 2 years and fine.",
    "keywords": [
      "DRM", "copy protection", "circumvention",
      "bypass protection", "remove DRM", "hack software protection",
      "break encryption", "remove copyright protection"
    ]
  },
  {
    "act": "Copyright Act, 1957",
    "section": "Sec 65B",
    "title": "Protection of Rights Management Information",
    "punishment": "Imprisonment up to 2 years and fine.",
    "keywords": [
      "metadata", "copyright info", "tampering",
      "remove watermark", "change copyright details",
      "fake metadata", "alter rights info"
    ]
  },
  {
    "act": "Indian Evidence Act, 1872",
    "section": "Sec 65B",
    "title": "Admissibility of electronic records",
    "punishment": "Legal provision, governs admissibility in courts.",
    "keywords": [
      "evidence", "electronic record", "admissibility",
      "digital evidence", "present electronic proof",
      "IT evidence", "data admissibility in court"
    ]
  },
  {
    "act": "Indian Telegraph Act, 1885",
    "section": "Sec 25",
    "title": "Unlawful interception of communications",
    "punishment": "Imprisonment up to 3 years, or fine, or both.",
    "keywords": [
      "interception", "wiretap", "unlawful surveillance",
      "illegal call tap", "spy phone", "unauthorized interception",
      "record phone call illegally"
    ]
  },
  {
    "act": "Aadhaar Act, 2016",
    "section": "Sec 37",
    "title": "Unauthorized access to Aadhaar data",
    "punishment": "Imprisonment up to 3 years, or fine, or both.",
    "keywords": [
      "aadhaar", "identity theft", "unauthorized access",
      "aadhaar hack", "aadhaar misuse", "steal aadhaar data",
      "aadhaar breach"
    ]
  },
  {
    "act": "Aadhaar Act, 2016",
    "section": "Sec 38",
    "title": "Tampering with Aadhaar data",
    "punishment": "Imprisonment up to 10 years and fine.",
    "keywords": [
      "aadhaar", "tampering", "data integrity",
      "alter aadhaar", "fake aadhaar", "modify aadhaar details",
      "create fake aadhaar"
    ]
  },
  {
    "act": "Aadhaar Act, 2016",
    "section": "Sec 40",
    "title": "Unauthorized disclosure of identity information",
    "punishment": "Imprisonment up to 3 years, or fine, or both.",
    "keywords": [
      "aadhaar", "privacy", "identity disclosure",
      "leak aadhaar info", "share aadhaar without consent",
      "expose aadhaar data", "unauthorized aadhaar sharing"
    ]
  },

  
  {
    "act": "IT Rules, 2021",
    "section": "Rule 3(1)",
    "title": "Due diligence by intermediaries",
    "punishment": "Loss of safe-harbour protection if non-compliant.",
    "keywords": [
      "intermediary", "due diligence", "notice",
      "platform compliance", "content moderation failure",
      "social media rule violation", "not removing illegal content",
      "safe harbour loss"
    ]
  },
  {
    "act": "IT Rules, 2021",
    "section": "Rule 3(2)",
    "title": "Grievance redressal mechanism",
    "punishment": "Mandatory appointment of grievance officer.",
    "keywords": [
      "grievance", "redressal", "compliance",
      "no complaint system", "grievance officer missing",
      "failure to address complaints", "report not handled"
    ]
  },
  {
    "act": "IT Rules, 2021",
    "section": "Rule 4",
    "title": "Additional due diligence for significant intermediaries",
    "punishment": "Heavier obligations; risk of penalties.",
    "keywords": [
      "significant intermediary", "compliance",
      "large platform rules", "traceability violation",
      "extra obligations", "messaging platform failure",
      "big social media non-compliance"
    ]
  },
  {
    "act": "IT Rules, 2021",
    "section": "Rule 7",
    "title": "Non-compliance removes safe harbour",
    "punishment": "Liability under other laws.",
    "keywords": [
      "safe harbour", "non-compliance",
      "platform liable", "lose protection", "not following IT rules",
      "company responsibility", "legal liability of intermediary"
    ]
  }
]


