[
  {
    "section": "65",
    "act": "IT Act",
    "title": "Tampering with computer source documents",
    "punishment": "Imprisonment up to 3 years, or fine up to ₹2 lakh, or both.",
    "keywords": ["tamper code", "alter software", "delete logs", "change source", "edit database", "tamper files", "code manipulation", "remove records", "erased logs", "delete source", "unauthorized change", "modified software", "data tamper", "system alteration", "illegal modification"]
  },
  {
    "section": "66",
    "act": "IT Act",
    "title": "Hacking with computer system",
    "punishment": "Imprisonment up to 3 years, or fine up to ₹5 lakh, or both.",
    "keywords": ["hack", "hacker", "system hacked", "facebook hacked", "gmail hacked", "hacking website", "unauthorized access", "broke into system", "computer hacked", "server hacked", "account compromised", "phishing login", "password stolen", "unauthorized entry", "cyber hacking"]
  },
  {
    "section": "66B",
    "act": "IT Act",
    "title": "Receiving stolen computer resource",
    "punishment": "Imprisonment up to 3 years, or fine up to ₹1 lakh, or both.",
    "keywords": ["buy stolen laptop", "got hacked data", "receive stolen device", "stolen pen drive", "bought hacked phone", "stolen hard drive", "use stolen system", "possess hacked data", "receive stolen account", "got illegal software", "illegal possession computer", "receive stolen gadget", "downloaded stolen data", "use stolen file", "own hacked device"]
  },
  {
    "section": "66C",
    "act": "IT Act",
    "title": "Identity Theft",
    "punishment": "Imprisonment up to 3 years and fine up to ₹1 lakh.",
    "keywords": ["identity theft", "impersonation", "fake id", "stole account", "used my account", "someone pretending to be me", "stole aadhaar", "fake social account", "stole google account", "used my gmail", "using my details", "stole my password", "impersonating me online", "account stolen", "fake profile"]
  },
  {
    "section": "66D",
    "act": "IT Act",
    "title": "Cheating by personation (online fraud)",
    "punishment": "Imprisonment up to 3 years and fine up to ₹1 lakh.",
    "keywords": ["online fraud", "cheated online", "lottery scam", "job fraud", "fake bank site", "phishing email", "scammed me", "fraud call", "fake website", "cheating online", "fake otp scam", "online cheating", "debit card fraud", "credit card scam", "impersonation fraud"]
  },
  {
    "section": "66E",
    "act": "IT Act",
    "title": "Violation of privacy (capturing images)",
    "punishment": "Imprisonment up to 3 years, or fine up to ₹2 lakh, or both.",
    "keywords": ["took private photos", "clicked without consent", "secret photo", "hidden camera", "leaked my pics", "recording without permission", "secret recording", "took my picture", "filmed me secretly", "privacy violation", "non-consensual photo", "secretly video", "snap without consent", "hidden recording", "stolen photos"]
  },
  {
    "section": "66F",
    "act": "IT Act",
    "title": "Cyber terrorism",
    "punishment": "Imprisonment up to life.",
    "keywords": ["cyber terrorism", "attack government site", "hack defense", "hack army site", "terrorist hacking", "critical infra hack", "nation hack", "hack government data", "cyber war", "national security hack", "hack nuclear system", "terror attack online", "attack govt server", "hack military", "government hacking"]
  },
    {
    "section": "67",
    "act": "IT Act",
    "title": "Publishing obscene material in electronic form",
    "punishment": "Imprisonment up to 3 years and fine up to ₹5 lakh (first conviction).",
    "keywords": ["obscene post", "porn shared", "nude content online", "indecent material", "sexual content", "uploaded porn", "posted obscene", "whatsapp porn", "telegram porn", "facebook nude", "obscene message", "shared porn", "adult content online", "sex images posted", "indecent post"]
  },
  {
    "section": "67A",
    "act": "IT Act",
    "title": "Publishing sexually explicit material",
    "punishment": "Imprisonment up to 5 years and fine up to ₹10 lakh (first conviction).",
    "keywords": ["sex video shared", "adult clip online", "explicit video", "sexual clip", "shared sex tape", "uploaded sex video", "sent explicit video", "porn video uploaded", "x rated content", "sexual post", "broadcast sex video", "lewd video", "explicit content online", "whatsapp adult clip", "telegram sex clip"]
  },
  {
    "section": "67B",
    "act": "IT Act",
    "title": "Child pornography or sexually explicit act with children",
    "punishment": "Imprisonment up to 5 years and fine up to ₹10 lakh (first conviction).",
    "keywords": ["child porn", "minor abuse video", "illegal child content", "child sex video", "underage clip", "illegal child images", "child pornography", "kids explicit content", "minor nude", "child abuse material", "posted child porn", "shared child content", "illegal minor porn", "child sexual content", "pedophilia online"]
  },
  {
    "section": "67C",
    "act": "IT Act",
    "title": "Preservation and retention of information by intermediaries",
    "punishment": "Fine and penalty for not preserving required data.",
    "keywords": ["data retention", "did not save logs", "delete records", "ISP logs missing", "failed to store info", "removed evidence", "not preserving data", "erased logs", "intermediary failed", "server logs missing", "service provider no logs", "records missing", "no backup", "erased server data", "not keeping logs"]
  },
  {
    "section": "68",
    "act": "IT Act",
    "title": "Power of Controller to give directions",
    "punishment": "Failure to comply punishable with imprisonment up to 2 years or fine up to ₹1 lakh.",
    "keywords": ["disobey controller", "not following IT authority", "ignored controller orders", "not complied with IT directions", "failed to obey", "controller instructions ignored", "IT authority orders", "did not follow directions", "defied controller", "refused compliance", "ignored directions", "not obeying authority", "disobedience IT order", "refused IT directions", "ignored IT command"]
  },
  {
    "section": "69",
    "act": "IT Act",
    "title": "Power to issue directions for interception or monitoring",
    "punishment": "Imprisonment up to 7 years and fine.",
    "keywords": ["illegal surveillance", "unauthorized monitoring", "spy online", "illegal interception", "secret monitoring", "wiretap online", "unauthorized tracking", "illegal tapping", "spying messages", "snooping illegally", "unauthorized intercept", "privacy violation monitoring", "unlawful surveillance", "secretly monitored", "illegal tracking"]
  },
  {
    "section": "69A",
    "act": "IT Act",
    "title": "Power to block public access to information",
    "punishment": "Failure to comply punishable with imprisonment up to 7 years and fine.",
    "keywords": ["blocked website", "ban site", "content blocked", "government block order", "site banned", "remove online content", "website blocked", "order to block", "URL blocked", "block instructions", "social site blocked", "block order", "internet block order", "website takedown", "remove site access"]
  },
  {
    "section": "69B",
    "act": "IT Act",
    "title": "Monitoring and collecting traffic data",
    "punishment": "Imprisonment up to 3 years and fine.",
    "keywords": ["traffic data", "monitor traffic", "analyze internet data", "collect browsing info", "tracking data", "internet monitoring", "ISP monitor", "network data", "traffic log collection", "illegal traffic monitoring", "monitor web traffic", "unlawful traffic capture", "unauthorized network data", "snooping traffic", "collected user traffic"]
  },
  {
    "section": "70",
    "act": "IT Act",
    "title": "Protected system",
    "punishment": "Imprisonment up to 10 years and fine.",
    "keywords": ["protected system", "critical infrastructure hack", "government server hack", "protected site access", "unauthorized entry protected system", "hack power grid", "hack airport system", "hack defense infra", "illegal access protected", "govt infra hack", "sensitive infra", "unauthorized infra access", "hack protected database", "enter secure system", "critical system hack"]
  },
  {
    "section": "70A",
    "act": "IT Act",
    "title": "National nodal agency for critical information infrastructure",
    "punishment": "Fine and penalties for failing compliance.",
    "keywords": ["critical info infra", "ignored nodal agency", "not report cyber incident", "violated nodal rules", "critical agency ignored", "did not inform CERT", "fail nodal compliance", "nodal order ignored", "ignored agency instructions", "national nodal agency violation", "no info given to CERT", "infra agency ignored", "violate nodal order", "not following nodal", "ignored nodal authority"]
  },
  {
    "section": "70B",
    "act": "IT Act",
    "title": "Indian Computer Emergency Response Team (CERT-In)",
    "punishment": "Failure to comply punishable with imprisonment up to 1 year and fine up to ₹1 lakh.",
    "keywords": ["not reporting incident", "ignored CERT", "did not inform CERT", "fail to report hack", "not report cyberattack", "ignored emergency response", "not notifying CERT", "CERT violation", "ignored CERT orders", "did not comply CERT", "incident unreported", "hack not reported", "ignored authority CERT", "CERT not informed", "no CERT report"]
  },
  {
    "section": "71",
    "act": "IT Act",
    "title": "Penalty for misrepresentation",
    "punishment": "Imprisonment up to 2 years or fine up to ₹1 lakh, or both.",
    "keywords": ["false info", "fake details", "misrepresentation", "wrong declaration", "lied in application", "submitted false info", "fraud info", "fake documents", "provided wrong data", "fake info online", "lied to authority", "false statement", "misleading info", "false submission", "wrong declaration IT"]
  },
  {
    "section": "72",
    "act": "IT Act",
    "title": "Penalty for breach of confidentiality and privacy",
    "punishment": "Imprisonment up to 2 years, or fine up to ₹1 lakh, or both.",
    "keywords": ["breach confidentiality", "leaked private info", "shared secret data", "confidential data leak", "privacy breach", "unauthorized disclosure", "revealed personal info", "shared sensitive info", "data privacy violation", "shared private file", "breach trust", "confidential info leaked", "personal data breach", "shared secret document", "privacy leak"]
  },
  {
    "section": "72A",
    "act": "IT Act",
    "title": "Punishment for disclosure of information in breach of lawful contract",
    "punishment": "Imprisonment up to 3 years, or fine up to ₹5 lakh, or both.",
    "keywords": ["breach contract data", "shared contract info", "disclosed business secret", "breach lawful contract", "data disclosure", "leaked company data", "shared info illegally", "revealed contract info", "violated NDA", "breached agreement", "illegal disclosure", "contract info leaked", "confidential contract breach", "lawful contract broken", "shared data illegally"]
  },
  {
    "section": "73",
    "act": "IT Act",
    "title": "Penalty for publishing false digital signature certificates",
    "punishment": "Imprisonment up to 2 years, or fine up to ₹1 lakh, or both.",
    "keywords": ["fake digital certificate", "false signature cert", "fraud certificate", "invalid digital cert", "wrong signature", "fake authority cert", "forged certificate", "false document sign", "digital forgery", "misused certificate", "fraud digital sign", "invalid cert", "fake CA certificate", "wrong digital cert", "digital sign fraud"]
  },
  {
    "section": "74",
    "act": "IT Act",
    "title": "Publication for fraudulent purposes",
    "punishment": "Imprisonment up to 2 years, or fine up to ₹1 lakh, or both.",
    "keywords": ["fraud publication", "false info online", "fraud purpose publish", "misleading online info", "fraudulent post", "fraud data", "wrong info published", "scam post", "fraud internet info", "fake publish", "false content posted", "fraud info release", "fraud data shared", "misrepresentation online", "fake info upload"]
  },
  {
    "section": "420",
    "act": "IPC",
    "title": "Cheating and dishonestly inducing delivery of property",
    "punishment": "Imprisonment up to 7 years and fine.",
    "keywords": ["online fraud", "scam", "cheating online", "dishonest delivery", "fraud transaction", "fake scheme", "online scam", "cyber cheating", "fraud call", "scammed online", "digital fraud", "cheated online", "dishonest gain", "fraud delivery", "fake promise fraud"]
  },
  {
    "section": "464",
    "act": "IPC",
    "title": "Making a false document",
    "punishment": "Imprisonment up to 7 years and fine.",
    "keywords": ["fake document", "false certificate", "document forgery", "fraud papers", "fabricated document", "forged paper", "fake agreement", "false ID", "fraud document", "counterfeit docs", "forged ID", "made false document", "fake paper", "false evidence", "fraud certificate"]
  },
  {
    "section": "468",
    "act": "IPC",
    "title": "Forgery for cheating",
    "punishment": "Imprisonment up to 7 years and fine.",
    "keywords": ["forgery cheat", "fraud forgery", "forged cheque", "fake signature", "forged documents", "forged ID for cheating", "fake marksheet", "cheating forgery", "fraud doc forgery", "made forged doc", "false cheque fraud", "signature forgery", "fake doc fraud", "forgery scam", "forgery cheating"]
  },
  {
    "section": "469",
    "act": "IPC",
    "title": "Forgery for harming reputation",
    "punishment": "Imprisonment up to 3 years and fine.",
    "keywords": ["forgery harm", "defamation forgery", "false info forgery", "forged doc to defame", "malicious forgery", "fake info harm", "fake news forgery", "character assassination forgery", "false doc defame", "fraud reputational harm", "forgery scandal", "false report forgery", "defaming forgery", "harmful fake info", "forgery insult"]
  },
  {
    "section": "471",
    "act": "IPC",
    "title": "Using a forged document",
    "punishment": "Imprisonment up to 2 years, or fine, or both.",
    "keywords": ["using fake doc", "submitted forged doc", "presented fake ID", "fake marksheet used", "used fraud doc", "false doc used", "forged ID submitted", "fraud doc presented", "fake doc application", "submitted false doc", "used counterfeit doc", "fake papers submitted", "used false cert", "fraudulent doc used", "false doc fraud"]
  },
  {
    "section": "500",
    "act": "IPC",
    "title": "Defamation",
    "punishment": "Imprisonment up to 2 years, or fine, or both.",
    "keywords": ["defamation online", "insult online", "defamed me", "online slander", "bad reputation", "false allegations", "online defame", "ruin reputation", "false statement defame", "public insult", "badmouthing", "social media defamation", "spread lies", "insult reputation", "tarnish image"]
  },
  {
    "section": "503",
    "act": "IPC",
    "title": "Criminal intimidation",
    "punishment": "Imprisonment up to 2 years, or fine, or both.",
    "keywords": ["online threat", "threatening message", "criminal intimidation", "cyber threat", "scaring online", "intimidation", "menacing message", "online harassment", "frightened online", "online blackmail", "intimidating threat", "fear message", "threat call", "scare online", "warning threat"]
  },
  {
    "section": "506",
    "act": "IPC",
    "title": "Punishment for criminal intimidation",
    "punishment": "Imprisonment up to 2 years, or fine, or both.",
    "keywords": ["criminal threat", "intimidation punishment", "online threatening", "scary message", "punishment for threat", "cyber intimidation", "intimidation online", "violent threat", "online scare", "cyber menace", "fear threat", "digital intimidation", "harassing threat", "online menace", "scare punishment"]
  },
  {
    "section": "509",
    "act": "IPC",
    "title": "Word, gesture or act intended to insult the modesty of a woman",
    "punishment": "Imprisonment up to 1 year, or fine, or both.",
    "keywords": ["insult woman online", "eve teasing", "bad words to woman", "gesture insult woman", "offensive message woman", "harassing woman online", "insult to modesty", "abusive message woman", "sexual insult", "online modesty insult", "misbehavior woman", "indecent remarks woman", "derogatory comment", "harassing woman", "insulting woman online"]
  },
  {
    "section": "511",
    "act": "IPC",
    "title": "Punishment for attempting to commit offences",
    "punishment": "Punishment varies depending on the offence attempted.",
    "keywords": ["attempt cybercrime", "tried hacking", "attempt fraud", "failed hacking", "trying to cheat", "attempting offence", "unsuccessful hack", "tried phishing", "attempt forgery", "tried scam", "attempt cheating", "cyber attempt", "attempt misuse", "unsuccessful crime", "trying to commit fraud"]
  },
  {
    "section": "354A",
    "act": "IPC",
    "title": "Sexual harassment",
    "punishment": "Imprisonment up to 3 years, or fine, or both.",
    "keywords": ["sexual harassment online", "unwanted messages", "harassed online", "offensive pics", "online sexual abuse", "inappropriate message", "dirty messages", "harassing texts", "sexual comments", "online harassment", "obscene messages", "sexual advances online", "harassing woman digitally", "abusive messages", "sexual abuse online"]
  },
  {
    "section": "354B",
    "act": "IPC",
    "title": "Assault or use of criminal force to disrobe a woman",
    "punishment": "Imprisonment of not less than 3 years up to 7 years, plus fine.",
    "keywords": ["disrobe woman", "remove clothes force", "assault woman", "force woman undress", "online disrobe threat", "criminal force disrobe", "harass woman disrobe", "digital blackmail nude", "undress force", "disrobe assault", "forcing woman strip", "harassing disrobe", "cyber disrobe", "forcing naked", "woman undress threat"]
  },
  {
    "section": "354C",
    "act": "IPC",
    "title": "Voyeurism",
    "punishment": "First conviction: 1-3 years + fine; second: 3-7 years + fine.",
    "keywords": ["voyeurism online", "peeping tom", "recording woman secretly", "secret video", "hidden camera", "spy cam", "secretly watching", "voyeur act", "non-consensual video", "leaked video", "spy recording", "secret clip", "camera in washroom", "secret filming", "secretly capturing"]
  },
  {
    "section": "354D",
    "act": "IPC",
    "title": "Stalking",
    "punishment": "First conviction: up to 3 years + fine; second: up to 5 years + fine.",
    "keywords": ["stalking online", "cyber stalking", "stalker messages", "unwanted following", "online stalk", "digital stalking", "persistent messaging", "harassing messages", "following me online", "stalking girl", "cyber stalk", "repeated online contact", "unwanted chats", "stalking woman", "harassing calls"]
  },
  {
    "section": "292",
    "act": "IPC",
    "title": "Sale of obscene books etc.",
    "punishment": "Imprisonment up to 2 years, and fine up to ₹2,000 (first conviction).",
    "keywords": ["obscene books", "porn book sale", "obscene material", "obscene CD sale", "dirty books", "porn distribution", "obscene video sale", "illegal porn material", "dirty CD sale", "selling porn", "selling obscene content", "obscene magazines", "obscene literature", "porn selling", "dirty books sold"]
  },
  {
    "section": "294",
    "act": "IPC",
    "title": "Obscene acts and songs",
    "punishment": "Imprisonment up to 3 months, or fine, or both.",
    "keywords": ["obscene acts", "dirty songs", "vulgar act", "obscene dance", "indecent act", "dirty language", "obscene singing", "vulgar content", "offensive dance", "public obscenity", "dirty performance", "indecent performance", "vulgar words", "offensive act", "obscene behaviour"]
  },
  {
    "section": "499",
    "act": "IPC",
    "title": "Defamation (expanded)",
    "punishment": "Imprisonment up to 2 years, or fine, or both.",
    "keywords": ["false accusation", "bad reputation online", "social media insult", "defaming post", "false allegations online", "badmouthing online", "defamed on whatsapp", "slander online", "spread rumors", "online lies", "ruined reputation", "character defamation", "insult post", "rumor spreading", "defamation crime"]
  },
  {
    "section": "66F",
    "act": "IT Act",
    "title": "Cyber Terrorism",
    "punishment": "Imprisonment for life.",
    "keywords": ["cyber terrorism", "terror hack", "terrorist online attack", "hack for terror", "digital terror", "national security hack", "terrorist cyber crime", "terror online", "terror hacking", "cyber attack country", "terrorism threat online", "terrorist hack", "online terror act", "terror cyber attack", "hack terrorism"]
  }
]
