[
  {
    "act": "IT Act 2000",
    "section": "65",
    "title": "Tampering with computer source documents",
    "punishment": "Imprisonment up to 3 years, or fine up to 2 lakh, or both.",
    "keywords": [
      "modify computer code", "delete program files", "tamper with system files",
      "hack software source", "alter code without permission", "erase system data",
      "change database schema", "remove software license code", "tamper operating system files",
      "delete system logs", "erase audit trails", "alter registry files",
      "destroy boot sector", "change config files", "manipulate core code"
    ]
  },
  {
    "act": "IT Act 2000",
    "section": "66",
    "title": "Computer related offences",
    "punishment": "Imprisonment up to 3 years, or fine up to 5 lakh, or both.",
    "keywords": [
      "hacking account", "unauthorized access", "illegal login",
      "steal password", "cyber fraud", "hack social media",
      "online cheating", "steal OTP", "illegal database entry",
      "identity theft online", "phishing attack", "steal login credentials",
      "bypass security", "malware attack", "fraudulent computer act"
    ]
  },
  {
    "act": "IT Act 2000",
    "section": "66B",
    "title": "Receiving stolen computer resource or communication device",
    "punishment": "Imprisonment up to 3 years, or fine up to 1 lakh, or both.",
    "keywords": [
      "buy stolen laptop", "possess hacked phone", "receive illegal data",
      "trade stolen hard drive", "own pirated server", "purchase stolen mobile",
      "store stolen pen drive", "accept illegal device", "resell stolen gadgets",
      "handle stolen router", "deal illegal SIM", "store stolen tablet",
      "acquire hacked data", "possession of stolen files", "illegal tech possession"
    ]
  },
  {
    "act": "IT Act 2000",
    "section": "66C",
    "title": "Identity theft",
    "punishment": "Imprisonment up to 3 years, or fine up to 1 lakh, or both.",
    "keywords": [
      "steal Aadhaar", "fake PAN", "use others ID",
      "identity misuse", "impersonation online", "steal bank details",
      "fake driving license", "clone debit card", "use stolen credentials",
      "apply loan with fake ID", "use fake documents", "steal digital signature",
      "misuse KYC", "create fake account", "fraudulent identity use"
    ]
  },
  {
    "act": "IT Act 2000",
    "section": "66D",
    "title": "Cheating by personation using computer resources",
    "punishment": "Imprisonment up to 3 years, or fine up to 1 lakh, or both.",
    "keywords": [
      "fake job scam", "online fraud", "pretend bank officer",
      "fraud call center", "fake lottery scam", "impersonation email",
      "fake social media profile", "fraudulent website", "phishing site",
      "pretend government officer", "fake delivery scam", "fake tech support",
      "fraud insurance call", "fake investment scam", "fraudster online"
    ]
  },
  {
    "act": "IT Act 2000",
    "section": "66E",
    "title": "Violation of privacy",
    "punishment": "Imprisonment up to 3 years, or fine up to 2 lakh, or both.",
    "keywords": [
      "leak private photo", "share intimate video", "upload private chat",
      "spy camera", "record without consent", "publish private data",
      "take hidden photos", "share bedroom video", "secretly record audio",
      "install spyware", "publish secret documents", "breach personal privacy",
      "non-consensual photo", "leak phone gallery", "recorded call leak"
    ]
  },
  {
    "act": "IT Act 2000",
    "section": "66F",
    "title": "Cyber terrorism",
    "punishment": "Imprisonment up to life.",
    "keywords": [
      "attack critical infrastructure", "spread virus nationwide", "hack military system",
      "disrupt government server", "terrorist online activity", "national security hack",
      "power grid hacking", "railway system hack", "air traffic control hack",
      "spread panic via internet", "cyber attack on defense", "spread fake terror news",
      "destroy emergency services", "disrupt telecom", "hacking for terrorism"
    ]
  },


  {
    "act": "IT Act 2000",
    "section": "67",
    "title": "Publishing obscene material in electronic form",
    "punishment": "Imprisonment up to 5 years and fine up to 10 lakh.",
    "keywords": [
      "share porn video", "upload obscene content", "publish nude photos",
      "adult website upload", "obscene MMS", "circulate vulgar clip",
      "post sexual video", "share offensive material", "lewd digital content",
      "send porn via email", "upload adult image", "illegal porn sharing",
      "post explicit video", "share obscene pic", "publish vulgar content"
    ]
  },
  {
    "act": "IT Act 2000",
    "section": "67A",
    "title": "Publishing material containing sexually explicit act",
    "punishment": "Imprisonment up to 7 years and fine up to 10 lakh.",
    "keywords": [
      "share sex tape", "upload sexual act video", "publish porn movie",
      "post explicit sex video", "circulate sex clip", "upload porn material",
      "make sexual video viral", "send explicit content", "share vulgar sex content",
      "sell porn online", "publish obscene sexual act", "adult film sharing",
      "post hardcore video", "leak sexual video", "upload intimate clip"
    ]
  },
  {
    "act": "IT Act 2000",
    "section": "67B",
    "title": "Publishing child pornographic material",
    "punishment": "Imprisonment up to 7 years and fine up to 10 lakh.",
    "keywords": [
      "child porn upload", "share underage video", "post minor obscene photo",
      "publish child abuse material", "download child porn", "sell child porn",
      "circulate child sex video", "share child nude images", "post minor sex video",
      "possess child porn", "upload kids explicit content", "illegal child porn sharing",
      "publish underage obscene content", "store child porn", "child exploitation content"
    ]
  },
  {
    "act": "IT Act 2000",
    "section": "68",
    "title": "Failure/refusal to comply with directions of Controller",
    "punishment": "Imprisonment up to 3 years or fine up to 2 lakh, or both.",
    "keywords": [
      "ignore controller order", "disobey cyber authority", "refuse to follow IT order",
      "non compliance with cyber law", "reject digital controller instruction", "deny government IT order",
      "refuse cyber controller", "not obey IT rules", "fail to follow digital law",
      "ignore IT officer instruction", "disobey digital directive", "reject IT regulator",
      "violate cyber authority order", "deny cyber regulator", "ignore IT compliance order"
    ]
  },
  {
    "act": "IT Act 2000",
    "section": "69",
    "title": "Power to intercept/monitor/decrypt information",
    "punishment": "Imprisonment up to 7 years.",
    "keywords": [
      "intercept whatsapp", "government spying", "decrypt online chat",
      "monitor user messages", "read private emails", "intercept calls",
      "decrypt social media", "tap internet data", "government online monitoring",
      "read private SMS", "snoop online chats", "government cyber surveillance",
      "spy digital communication", "lawful intercept internet", "decrypting private data"
    ]
  },
  {
    "act": "IT Act 2000",
    "section": "69A",
    "title": "Power to block public access to information",
    "punishment": "Imprisonment up to 7 years.",
    "keywords": [
      "ban website", "block illegal site", "government blocks url",
      "take down website", "remove online content", "stop access to site",
      "block social media account", "government bans app", "website blocked order",
      "internet censorship order", "restrict website access", "government blocks portal",
      "take down offensive page", "ban online platform", "block digital content"
    ]
  },
  {
    "act": "IT Act 2000",
    "section": "70",
    "title": "Protected system (unauthorized access)",
    "punishment": "Imprisonment up to 10 years and fine.",
    "keywords": [
      "hack government server", "unauthorized access secure system", "enter protected database",
      "access critical infrastructure", "hack power plant system", "illegal login defense server",
      "unauthorized entry into secure data", "breach government database", "hack research lab system",
      "access without permission", "hack police database", "breach financial server",
      "hack railway server", "enter restricted system", "illegal access secure server"
    ]
  },
  {
    "act": "IT Act 2000",
    "section": "70A",
    "title": "National nodal agency for critical information infrastructure",
    "punishment": "Agency establishment and penalties for violations.",
    "keywords": [
      "critical infrastructure protection", "cyber security nodal agency", "national IT protection",
      "information infrastructure protection", "government cyber authority", "protect national data",
      "secure critical systems", "cyber nodal agency", "protect key information",
      "infrastructure security body", "IT protection agency", "government cyber agency",
      "secure information infrastructure", "national critical system", "protect against cyber threats"
    ]
  },
  {
    "act": "IT Act 2000",
    "section": "70B",
    "title": "Indian Computer Emergency Response Team (CERT-IN)",
    "punishment": "Authority to handle cyber security incidents.",
    "keywords": [
      "report cyber attack", "CERT-IN help", "national cyber response",
      "report hacking incident", "cyber emergency support", "government cyber helpdesk",
      "handle cyber threats", "incident response team", "CERT cyber security",
      "national cyber protection", "government incident team", "report data breach",
      "CERT-IN contact", "national cyber defence", "government cyber protection"
    ]
  },
  {
    "act": "IT Act 2000",
    "section": "71",
    "title": "Penalty for misrepresentation",
    "punishment": "Imprisonment up to 2 years, or fine up to 1 lakh, or both.",
    "keywords": [
      "false statement in IT act", "misrepresent to authority", "fake declaration online",
      "lie to cyber officer", "fraud in IT law process", "give false info digital certificate",
      "misleading info online", "misrepresent to controller", "provide wrong cyber data",
      "false affidavit online", "misleading cyber info", "fraudulent IT statement",
      "submit fake info", "fake digital declaration", "false IT representation"
    ]
  },
  {
    "act": "IT Act 2000",
    "section": "72",
    "title": "Breach of confidentiality and privacy",
    "punishment": "Imprisonment up to 2 years, or fine up to 1 lakh, or both.",
    "keywords": [
      "leak private data", "breach email confidentiality", "expose personal records",
      "leak confidential info", "share secret info", "breach of trust digital",
      "reveal sensitive documents", "leak client data", "expose hidden records",
      "breach workplace confidentiality", "disclose private conversation", "share office secrets",
      "reveal patient info", "breach NDA online", "leak company secrets"
    ]
  },



  
  {
    "act": "IT Act 2000",
    "section": "72A",
    "title": "Punishment for disclosure of information in breach of lawful contract",
    "punishment": "Imprisonment up to 3 years, or fine up to 5 lakh, or both.",
    "keywords": [
      "share contract info illegally", "leak company contract", "breach confidentiality contract",
      "disclose client info", "share employee contract details", "leak vendor agreement",
      "expose customer records", "unauthorized sharing of data", "breach service contract",
      "sell contract info", "publish confidential contract", "expose supplier info",
      "disclose NDA information", "leak partnership details", "reveal contract secrets"
    ]
  },
  {
    "act": "IT Act 2000",
    "section": "73",
    "title": "Publishing false Digital Signature Certificate",
    "punishment": "Imprisonment up to 2 years, or fine up to 1 lakh, or both.",
    "keywords": [
      "fake digital certificate", "publish false DSC", "forge digital signature",
      "sell fake DSC", "use false certificate", "create fake digital key",
      "publish forged digital certificate", "use counterfeit DSC", "fake online certificate",
      "share forged digital key", "fraudulent DSC", "upload fake signature certificate",
      "fake cert publishing", "sell fake signature certificate", "issue false DSC"
    ]
  },
  {
    "act": "IT Act 2000",
    "section": "74",
    "title": "Publication for fraudulent purpose",
    "punishment": "Imprisonment up to 2 years, or fine up to 1 lakh, or both.",
    "keywords": [
      "fraudulent online ad", "publish scam info", "fake website info",
      "post misleading data", "share fraud content", "create fake online docs",
      "fraudulent publishing", "publish scam material", "share fake scheme",
      "issue fraud document", "post false online info", "misleading digital publishing",
      "share scam certificate", "fake tender notice", "publish false online records"
    ]
  },
  {
    "act": "IPC",
    "section": "292",
    "title": "Sale, etc., of obscene books, etc. (applied online)",
    "punishment": "Imprisonment up to 2 years and fine.",
    "keywords": [
      "sell porn books online", "publish obscene e-book", "share vulgar literature",
      "post obscene digital novel", "upload dirty magazine", "distribute obscene story",
      "share porn PDF", "sell adult content e-book", "post obscene writing",
      "online obscene literature", "obscene book distribution", "circulate vulgar e-book",
      "post sexual digital story", "obscene material sale", "share obscene publication"
    ]
  },
  {
    "act": "IPC",
    "section": "354A",
    "title": "Sexual harassment (including via electronic means)",
    "punishment": "Imprisonment up to 3 years and fine.",
    "keywords": [
      "send lewd messages", "online sexual harassment", "cyber eve teasing",
      "post vulgar comments", "send sexual advances", "harass girl online",
      "post obscene chat", "unwelcome sexual text", "inappropriate online behavior",
      "sexual harassment message", "harass women on social media", "online vulgar proposal",
      "post dirty comments", "send offensive sexual meme", "cyber molestation"
    ]
  },
  {
    "act": "IPC",
    "section": "354C",
    "title": "Voyeurism (watching or capturing women’s images)",
    "punishment": "Imprisonment up to 3 years and fine.",
    "keywords": [
      "record girl secretly", "spy on women changing", "take hidden photo",
      "capture private video", "secretly record woman", "upload voyeur video",
      "leak private pics", "hidden camera in washroom", "record without consent",
      "spy on woman bathing", "unauthorized recording", "capture women secretly",
      "post voyeur clip", "hidden spy cam video", "secretly observe women"
    ]
  },
  {
    "act": "IPC",
    "section": "354D",
    "title": "Stalking (including cyber stalking)",
    "punishment": "Imprisonment up to 3 years and fine.",
    "keywords": [
      "follow girl online", "track social media account", "send repeated friend requests",
      "cyber stalking", "monitor online activities", "harass girl digitally",
      "unwanted digital attention", "follow online movements", "spy on woman profile",
      "send repeated DMs", "online obsession", "keep messaging without consent",
      "follow every post", "digital stalking", "monitor her chats"
    ]
  },
  {
    "act": "IPC",
    "section": "379",
    "title": "Punishment for theft (applied to data theft)",
    "punishment": "Imprisonment up to 3 years, or fine, or both.",
    "keywords": [
      "steal data", "copy files illegally", "download without permission",
      "data theft online", "steal personal information", "copy company database",
      "take files without consent", "cyber theft", "steal office data",
      "unauthorized file copy", "steal intellectual property", "digital theft",
      "steal source code", "hack to steal data", "data robbery"
    ]
  },
  {
    "act": "IPC",
    "section": "420",
    "title": "Cheating and dishonestly inducing delivery of property (cyber fraud)",
    "punishment": "Imprisonment up to 7 years and fine.",
    "keywords": [
      "online fraud", "internet cheating", "fake lottery email",
      "cyber scam", "fake job offer", "phishing fraud",
      "fake call fraud", "OTP scam", "digital cheating",
      "online property fraud", "fraud transaction", "cyber con artist",
      "scam money online", "trick users digitally", "fraudulent scheme"
    ]
  },
  {
    "act": "IPC",
    "section": "465",
    "title": "Forgery (applied to digital documents)",
    "punishment": "Imprisonment up to 2 years, or fine, or both.",
    "keywords": [
      "forge digital docs", "fake PDF certificate", "create false document",
      "digital forgery", "tamper e-doc", "fake mark sheet",
      "make fake online file", "forge signature digitally", "alter scanned certificate",
      "upload forged records", "create false degree online", "fake id proof",
      "digital document tampering", "forged online mark list", "create fake contract"
    ]
  },
  {
    "act": "IPC",
    "section": "469",
    "title": "Forgery for purpose of harming reputation (online defamation)",
    "punishment": "Imprisonment up to 3 years and fine.",
    "keywords": [
      "fake obscene profile", "create false account to defame", "defamation online",
      "post fake photos", "upload morphed images", "damage reputation digitally",
      "post fake news", "upload defamatory video", "spread false info online",
      "create fake profile", "morphing scandal", "share defamatory memes",
      "damage reputation online", "spread lies digitally", "post abusive content"
    ]
  },



  {
    "act": "IPC",
    "section": "471",
    "title": "Using as genuine a forged document (including digital)",
    "punishment": "Imprisonment up to 2 years, or fine, or both.",
    "keywords": [
      "use fake PDF", "submit forged e-doc", "use false certificate",
      "digital fake mark sheet", "use forged signature online", "upload false ID",
      "submit fake online record", "use tampered doc", "fake degree submission",
      "upload forged document", "digital certificate fraud", "submit false file",
      "use manipulated document", "present fake docs", "false electronic record use"
    ]
  },
  {
    "act": "IPC",
    "section": "499",
    "title": "Defamation (including online)",
    "punishment": "Imprisonment up to 2 years, or fine, or both.",
    "keywords": [
      "online defamation", "post false rumors", "damage image digitally",
      "spread lies online", "upload fake scandal", "share defamatory memes",
      "tweet false info", "create fake defamatory profile", "post abusive comments",
      "upload insult posts", "defame on social media", "spread online gossip",
      "tarnish reputation online", "post false accusations", "digital defamation"
    ]
  },
  {
    "act": "IPC",
    "section": "500",
    "title": "Punishment for defamation",
    "punishment": "Imprisonment up to 2 years, or fine, or both.",
    "keywords": [
      "defamation punishment", "online insult case", "digital defamation penalty",
      "spread lies about person", "post abusive digital comment", "ruin name online",
      "false accusations on internet", "damage dignity online", "punishment for rumor",
      "defame public figure online", "false gossip penalty", "punishment for slander",
      "defamation in cyber space", "legal action for online insult", "digital rumor crime"
    ]
  },
  {
    "act": "IPC",
    "section": "503",
    "title": "Criminal intimidation (including via electronic means)",
    "punishment": "Imprisonment up to 2 years, or fine, or both.",
    "keywords": [
      "threaten online", "send death threat email", "cyber bullying intimidation",
      "online threats", "post threatening message", "intimidate on chat",
      "send scary SMS", "digital harassment threat", "threat via WhatsApp",
      "intimidate via internet", "scare someone online", "blackmail threat message",
      "cyber intimidation", "menace online", "send fear messages"
    ]
  },
  {
    "act": "IPC",
    "section": "506",
    "title": "Punishment for criminal intimidation",
    "punishment": "Imprisonment up to 7 years, or fine, or both.",
    "keywords": [
      "punishment for threat", "online criminal intimidation penalty", "digital threat punishment",
      "scare someone with messages", "punishment for blackmail", "send threat emails consequence",
      "fear inducing messages", "online harassment intimidation penalty", "penalty for intimidation",
      "threat to kill via internet", "legal action for threat message", "threat of violence online",
      "scare tactics punishment", "digital menace penalty", "intimidation consequences"
    ]
  },
  {
    "act": "IPC",
    "section": "509",
    "title": "Word, gesture or act intended to insult modesty of a woman (including online)",
    "punishment": "Imprisonment up to 3 years and fine.",
    "keywords": [
      "insult woman online", "abusive message to girl", "vulgar online gesture",
      "post obscene meme about women", "disrespectful comments on social media",
      "send insulting DM", "cyber insult to woman", "post vulgar comments on profile",
      "gesture online to insult woman", "verbal abuse digitally", "harass woman with words",
      "insult modesty on internet", "offensive language online", "mock women digitally",
      "abuse woman on WhatsApp"
    ]
  }
]
